{"global_step": 409600, "_timestamp": 1682445397.4533834, "Policy-iter/value_function": 594.9346313476562, "_runtime": 24.209343433380127, "_step": 50, "Policy-simstep/value_function": 594.9346313476562, "Policy-iter/surrogate": -1.3584596672444604e-05, "Policy-simstep/surrogate": -1.3584596672444604e-05, "Policy-iter/mean_noise_std": 0.9837076663970947, "Policy-simstep/mean_noise_std": 0.9837076663970947, "Policy-iter/lr": 9.869571826470747e-09, "Policy-simstep/lr": 9.869571826470747e-09, "Train-iter/mean_traj_reward": 260.17919921875, "Train-iter/mean_traj_length": 169.1999969482422, "Train-iter/mean_success_rate": 0.0, "Train-simstep/mean_traj_reward": 260.17919921875, "Train-simstep/mean_traj_length": 169.1999969482422, "Train-simstep/mean_success_rate": 0.0, "Train-iter/mean_step_reward": 1.6274664402008057, "Train-simstep/mean_step_reward": 1.6274664402008057, "_wandb": {"runtime": 23}}