{"global_step": 8192, "_timestamp": 1682447136.2851713, "Policy-iter/value_function": 5.458333969116211, "_runtime": 20.561087369918823, "_step": 1, "Policy-simstep/value_function": 5.458333969116211, "Policy-iter/surrogate": 0.0038232789374887943, "Policy-simstep/surrogate": 0.0038232789374887943, "Policy-iter/mean_noise_std": 0.9974295496940613, "Policy-simstep/mean_noise_std": 0.9974295496940613, "Policy-iter/lr": 0.0009999994654208422, "Policy-simstep/lr": 0.0009999994654208422, "Train-iter/mean_traj_reward": 5.251569747924805, "Train-iter/mean_traj_length": 15.0, "Train-iter/mean_success_rate": 0.0, "Train-simstep/mean_traj_reward": 5.251569747924805, "Train-simstep/mean_traj_length": 15.0, "Train-simstep/mean_success_rate": 0.0, "Train-iter/mean_step_reward": 0.28608083724975586, "Train-simstep/mean_step_reward": 0.28608083724975586, "_wandb": {"runtime": 29}}