{"global_step": 81920, "_timestamp": 1682447298.2885902, "Policy-iter/value_function": 34.968589782714844, "_runtime": 130.86895108222961, "_step": 10, "Policy-simstep/value_function": 34.968589782714844, "Policy-iter/surrogate": -0.00016975747712422162, "Policy-simstep/surrogate": -0.00016975747712422162, "Policy-iter/mean_noise_std": 0.9903091788291931, "Policy-simstep/mean_noise_std": 0.9903091788291931, "Policy-iter/lr": 2.467198214617383e-07, "Policy-simstep/lr": 2.467198214617383e-07, "Train-iter/mean_traj_reward": 18.966541290283203, "Train-iter/mean_traj_length": 65.0, "Train-iter/mean_success_rate": 0.0, "Train-simstep/mean_traj_reward": 18.966541290283203, "Train-simstep/mean_traj_length": 65.0, "Train-simstep/mean_success_rate": 0.0, "Train-iter/mean_step_reward": 0.33745792508125305, "Train-simstep/mean_step_reward": 0.33745792508125305, "_wandb": {"runtime": 130}}